[{
  "_id": {
    "$oid": "651ae68641beb67c9e417d86"
  },
  "sepallength": 5.1,
  "sepalwidth": 3.5,
  "petallength": 1.4,
  "petalwidth": 0.2,
  "class": "Iris-setosa"
},{
  "_id": {
    "$oid": "651ae68641beb67c9e417d87"
  },
  "sepallength": 4.9,
  "sepalwidth": 3,
  "petallength": 1.4,
  "petalwidth": 0.2,
  "class": "Iris-setosa"
},{
  "_id": {
    "$oid": "651ae68641beb67c9e417d88"
  },
  "sepallength": 4.7,
  "sepalwidth": 3.2,
  "petallength": 1.3,
  "petalwidth": 0.2,
  "class": "Iris-setosa"
},{
  "_id": {
    "$oid": "651ae68641beb67c9e417d89"
  },
  "sepallength": 4.6,
  "sepalwidth": 3.1,
  "petallength": 1.5,
  "petalwidth": 0.2,
  "class": "Iris-setosa"
},{
  "_id": {
    "$oid": "651ae68641beb67c9e417d8a"
  },
  "sepallength": 5,
  "sepalwidth": 3.6,
  "petallength": 1.4,
  "petalwidth": 0.2,
  "class": "Iris-setosa"
},{
  "_id": {
    "$oid": "651ae68641beb67c9e417d8b"
  },
  "sepallength": 5.4,
  "sepalwidth": 3.9,
  "petallength": 1.7,
  "petalwidth": 0.4,
  "class": "Iris-setosa"
},{
  "_id": {
    "$oid": "651ae68641beb67c9e417d8c"
  },
  "sepallength": 4.6,
  "sepalwidth": 3.4,
  "petallength": 1.4,
  "petalwidth": 0.3,
  "class": "Iris-setosa"
},{
  "_id": {
    "$oid": "651ae68641beb67c9e417d8d"
  },
  "sepallength": 5,
  "sepalwidth": 3.4,
  "petallength": 1.5,
  "petalwidth": 0.2,
  "class": "Iris-setosa"
},{
  "_id": {
    "$oid": "651ae68641beb67c9e417d8e"
  },
  "sepallength": 4.4,
  "sepalwidth": 2.9,
  "petallength": 1.4,
  "petalwidth": 0.2,
  "class": "Iris-setosa"
},{
  "_id": {
    "$oid": "651ae68641beb67c9e417d8f"
  },
  "sepallength": 4.9,
  "sepalwidth": 3.1,
  "petallength": 1.5,
  "petalwidth": 0.1,
  "class": "Iris-setosa"
},{
  "_id": {
    "$oid": "651ae68641beb67c9e417d90"
  },
  "sepallength": 5.4,
  "sepalwidth": 3.7,
  "petallength": 1.5,
  "petalwidth": 0.2,
  "class": "Iris-setosa"
},{
  "_id": {
    "$oid": "651ae68641beb67c9e417d91"
  },
  "sepallength": 4.8,
  "sepalwidth": 3.4,
  "petallength": 1.6,
  "petalwidth": 0.2,
  "class": "Iris-setosa"
},{
  "_id": {
    "$oid": "651ae68641beb67c9e417d92"
  },
  "sepallength": 4.8,
  "sepalwidth": 3,
  "petallength": 1.4,
  "petalwidth": 0.1,
  "class": "Iris-setosa"
},{
  "_id": {
    "$oid": "651ae68641beb67c9e417d93"
  },
  "sepallength": 4.3,
  "sepalwidth": 3,
  "petallength": 1.1,
  "petalwidth": 0.1,
  "class": "Iris-setosa"
},{
  "_id": {
    "$oid": "651ae68641beb67c9e417d94"
  },
  "sepallength": 5.8,
  "sepalwidth": 4,
  "petallength": 1.2,
  "petalwidth": 0.2,
  "class": "Iris-setosa"
},{
  "_id": {
    "$oid": "651ae68641beb67c9e417d95"
  },
  "sepallength": 5.7,
  "sepalwidth": 4.4,
  "petallength": 1.5,
  "petalwidth": 0.4,
  "class": "Iris-setosa"
},{
  "_id": {
    "$oid": "651ae68641beb67c9e417d96"
  },
  "sepallength": 5.4,
  "sepalwidth": 3.9,
  "petallength": 1.3,
  "petalwidth": 0.4,
  "class": "Iris-setosa"
},{
  "_id": {
    "$oid": "651ae68641beb67c9e417d97"
  },
  "sepallength": 5.1,
  "sepalwidth": 3.5,
  "petallength": 1.4,
  "petalwidth": 0.3,
  "class": "Iris-setosa"
},{
  "_id": {
    "$oid": "651ae68641beb67c9e417d98"
  },
  "sepallength": 5.7,
  "sepalwidth": 3.8,
  "petallength": 1.7,
  "petalwidth": 0.3,
  "class": "Iris-setosa"
},{
  "_id": {
    "$oid": "651ae68641beb67c9e417d99"
  },
  "sepallength": 5.1,
  "sepalwidth": 3.8,
  "petallength": 1.5,
  "petalwidth": 0.3,
  "class": "Iris-setosa"
},{
  "_id": {
    "$oid": "651ae68641beb67c9e417d9a"
  },
  "sepallength": 5.4,
  "sepalwidth": 3.4,
  "petallength": 1.7,
  "petalwidth": 0.2,
  "class": "Iris-setosa"
},{
  "_id": {
    "$oid": "651ae68641beb67c9e417d9b"
  },
  "sepallength": 5.1,
  "sepalwidth": 3.7,
  "petallength": 1.5,
  "petalwidth": 0.4,
  "class": "Iris-setosa"
},{
  "_id": {
    "$oid": "651ae68641beb67c9e417d9c"
  },
  "sepallength": 4.6,
  "sepalwidth": 3.6,
  "petallength": 1,
  "petalwidth": 0.2,
  "class": "Iris-setosa"
},{
  "_id": {
    "$oid": "651ae68641beb67c9e417d9d"
  },
  "sepallength": 5.1,
  "sepalwidth": 3.3,
  "petallength": 1.7,
  "petalwidth": 0.5,
  "class": "Iris-setosa"
},{
  "_id": {
    "$oid": "651ae68641beb67c9e417d9e"
  },
  "sepallength": 4.8,
  "sepalwidth": 3.4,
  "petallength": 1.9,
  "petalwidth": 0.2,
  "class": "Iris-setosa"
},{
  "_id": {
    "$oid": "651ae68641beb67c9e417d9f"
  },
  "sepallength": 5,
  "sepalwidth": 3,
  "petallength": 1.6,
  "petalwidth": 0.2,
  "class": "Iris-setosa"
},{
  "_id": {
    "$oid": "651ae68641beb67c9e417da0"
  },
  "sepallength": 5,
  "sepalwidth": 3.4,
  "petallength": 1.6,
  "petalwidth": 0.4,
  "class": "Iris-setosa"
},{
  "_id": {
    "$oid": "651ae68641beb67c9e417da1"
  },
  "sepallength": 5.2,
  "sepalwidth": 3.5,
  "petallength": 1.5,
  "petalwidth": 0.2,
  "class": "Iris-setosa"
},{
  "_id": {
    "$oid": "651ae68641beb67c9e417da2"
  },
  "sepallength": 5.2,
  "sepalwidth": 3.4,
  "petallength": 1.4,
  "petalwidth": 0.2,
  "class": "Iris-setosa"
},{
  "_id": {
    "$oid": "651ae68641beb67c9e417da3"
  },
  "sepallength": 4.7,
  "sepalwidth": 3.2,
  "petallength": 1.6,
  "petalwidth": 0.2,
  "class": "Iris-setosa"
},{
  "_id": {
    "$oid": "651ae68641beb67c9e417da4"
  },
  "sepallength": 4.8,
  "sepalwidth": 3.1,
  "petallength": 1.6,
  "petalwidth": 0.2,
  "class": "Iris-setosa"
},{
  "_id": {
    "$oid": "651ae68641beb67c9e417da5"
  },
  "sepallength": 5.4,
  "sepalwidth": 3.4,
  "petallength": 1.5,
  "petalwidth": 0.4,
  "class": "Iris-setosa"
},{
  "_id": {
    "$oid": "651ae68641beb67c9e417da6"
  },
  "sepallength": 5.2,
  "sepalwidth": 4.1,
  "petallength": 1.5,
  "petalwidth": 0.1,
  "class": "Iris-setosa"
},{
  "_id": {
    "$oid": "651ae68641beb67c9e417da7"
  },
  "sepallength": 5.5,
  "sepalwidth": 4.2,
  "petallength": 1.4,
  "petalwidth": 0.2,
  "class": "Iris-setosa"
},{
  "_id": {
    "$oid": "651ae68641beb67c9e417da8"
  },
  "sepallength": 4.9,
  "sepalwidth": 3.1,
  "petallength": 1.5,
  "petalwidth": 0.1,
  "class": "Iris-setosa"
},{
  "_id": {
    "$oid": "651ae68641beb67c9e417da9"
  },
  "sepallength": 5,
  "sepalwidth": 3.2,
  "petallength": 1.2,
  "petalwidth": 0.2,
  "class": "Iris-setosa"
},{
  "_id": {
    "$oid": "651ae68641beb67c9e417daa"
  },
  "sepallength": 5.5,
  "sepalwidth": 3.5,
  "petallength": 1.3,
  "petalwidth": 0.2,
  "class": "Iris-setosa"
},{
  "_id": {
    "$oid": "651ae68641beb67c9e417dab"
  },
  "sepallength": 4.9,
  "sepalwidth": 3.1,
  "petallength": 1.5,
  "petalwidth": 0.1,
  "class": "Iris-setosa"
},{
  "_id": {
    "$oid": "651ae68641beb67c9e417dac"
  },
  "sepallength": 4.4,
  "sepalwidth": 3,
  "petallength": 1.3,
  "petalwidth": 0.2,
  "class": "Iris-setosa"
},{
  "_id": {
    "$oid": "651ae68641beb67c9e417dad"
  },
  "sepallength": 5.1,
  "sepalwidth": 3.4,
  "petallength": 1.5,
  "petalwidth": 0.2,
  "class": "Iris-setosa"
},{
  "_id": {
    "$oid": "651ae68641beb67c9e417dae"
  },
  "sepallength": 5,
  "sepalwidth": 3.5,
  "petallength": 1.3,
  "petalwidth": 0.3,
  "class": "Iris-setosa"
},{
  "_id": {
    "$oid": "651ae68641beb67c9e417daf"
  },
  "sepallength": 4.5,
  "sepalwidth": 2.3,
  "petallength": 1.3,
  "petalwidth": 0.3,
  "class": "Iris-setosa"
},{
  "_id": {
    "$oid": "651ae68641beb67c9e417db0"
  },
  "sepallength": 4.4,
  "sepalwidth": 3.2,
  "petallength": 1.3,
  "petalwidth": 0.2,
  "class": "Iris-setosa"
},{
  "_id": {
    "$oid": "651ae68641beb67c9e417db1"
  },
  "sepallength": 5,
  "sepalwidth": 3.5,
  "petallength": 1.6,
  "petalwidth": 0.6,
  "class": "Iris-setosa"
},{
  "_id": {
    "$oid": "651ae68641beb67c9e417db2"
  },
  "sepallength": 5.1,
  "sepalwidth": 3.8,
  "petallength": 1.9,
  "petalwidth": 0.4,
  "class": "Iris-setosa"
},{
  "_id": {
    "$oid": "651ae68641beb67c9e417db3"
  },
  "sepallength": 4.8,
  "sepalwidth": 3,
  "petallength": 1.4,
  "petalwidth": 0.3,
  "class": "Iris-setosa"
},{
  "_id": {
    "$oid": "651ae68641beb67c9e417db4"
  },
  "sepallength": 5.1,
  "sepalwidth": 3.8,
  "petallength": 1.6,
  "petalwidth": 0.2,
  "class": "Iris-setosa"
},{
  "_id": {
    "$oid": "651ae68641beb67c9e417db5"
  },
  "sepallength": 4.6,
  "sepalwidth": 3.2,
  "petallength": 1.4,
  "petalwidth": 0.2,
  "class": "Iris-setosa"
},{
  "_id": {
    "$oid": "651ae68641beb67c9e417db6"
  },
  "sepallength": 5.3,
  "sepalwidth": 3.7,
  "petallength": 1.5,
  "petalwidth": 0.2,
  "class": "Iris-setosa"
},{
  "_id": {
    "$oid": "651ae68641beb67c9e417db7"
  },
  "sepallength": 5,
  "sepalwidth": 3.3,
  "petallength": 1.4,
  "petalwidth": 0.2,
  "class": "Iris-setosa"
},{
  "_id": {
    "$oid": "651ae68641beb67c9e417db8"
  },
  "sepallength": 7,
  "sepalwidth": 3.2,
  "petallength": 4.7,
  "petalwidth": 1.4,
  "class": "Iris-versicolor"
},{
  "_id": {
    "$oid": "651ae68641beb67c9e417db9"
  },
  "sepallength": 6.4,
  "sepalwidth": 3.2,
  "petallength": 4.5,
  "petalwidth": 1.5,
  "class": "Iris-versicolor"
},{
  "_id": {
    "$oid": "651ae68641beb67c9e417dba"
  },
  "sepallength": 6.9,
  "sepalwidth": 3.1,
  "petallength": 4.9,
  "petalwidth": 1.5,
  "class": "Iris-versicolor"
},{
  "_id": {
    "$oid": "651ae68641beb67c9e417dbb"
  },
  "sepallength": 5.5,
  "sepalwidth": 2.3,
  "petallength": 4,
  "petalwidth": 1.3,
  "class": "Iris-versicolor"
},{
  "_id": {
    "$oid": "651ae68641beb67c9e417dbc"
  },
  "sepallength": 6.5,
  "sepalwidth": 2.8,
  "petallength": 4.6,
  "petalwidth": 1.5,
  "class": "Iris-versicolor"
},{
  "_id": {
    "$oid": "651ae68641beb67c9e417dbd"
  },
  "sepallength": 5.7,
  "sepalwidth": 2.8,
  "petallength": 4.5,
  "petalwidth": 1.3,
  "class": "Iris-versicolor"
},{
  "_id": {
    "$oid": "651ae68641beb67c9e417dbe"
  },
  "sepallength": 6.3,
  "sepalwidth": 3.3,
  "petallength": 4.7,
  "petalwidth": 1.6,
  "class": "Iris-versicolor"
},{
  "_id": {
    "$oid": "651ae68641beb67c9e417dbf"
  },
  "sepallength": 4.9,
  "sepalwidth": 2.4,
  "petallength": 3.3,
  "petalwidth": 1,
  "class": "Iris-versicolor"
},{
  "_id": {
    "$oid": "651ae68641beb67c9e417dc0"
  },
  "sepallength": 6.6,
  "sepalwidth": 2.9,
  "petallength": 4.6,
  "petalwidth": 1.3,
  "class": "Iris-versicolor"
},{
  "_id": {
    "$oid": "651ae68641beb67c9e417dc1"
  },
  "sepallength": 5.2,
  "sepalwidth": 2.7,
  "petallength": 3.9,
  "petalwidth": 1.4,
  "class": "Iris-versicolor"
},{
  "_id": {
    "$oid": "651ae68641beb67c9e417dc2"
  },
  "sepallength": 5,
  "sepalwidth": 2,
  "petallength": 3.5,
  "petalwidth": 1,
  "class": "Iris-versicolor"
},{
  "_id": {
    "$oid": "651ae68641beb67c9e417dc3"
  },
  "sepallength": 5.9,
  "sepalwidth": 3,
  "petallength": 4.2,
  "petalwidth": 1.5,
  "class": "Iris-versicolor"
},{
  "_id": {
    "$oid": "651ae68641beb67c9e417dc4"
  },
  "sepallength": 6,
  "sepalwidth": 2.2,
  "petallength": 4,
  "petalwidth": 1,
  "class": "Iris-versicolor"
},{
  "_id": {
    "$oid": "651ae68641beb67c9e417dc5"
  },
  "sepallength": 6.1,
  "sepalwidth": 2.9,
  "petallength": 4.7,
  "petalwidth": 1.4,
  "class": "Iris-versicolor"
},{
  "_id": {
    "$oid": "651ae68641beb67c9e417dc6"
  },
  "sepallength": 5.6,
  "sepalwidth": 2.9,
  "petallength": 3.6,
  "petalwidth": 1.3,
  "class": "Iris-versicolor"
},{
  "_id": {
    "$oid": "651ae68641beb67c9e417dc7"
  },
  "sepallength": 6.7,
  "sepalwidth": 3.1,
  "petallength": 4.4,
  "petalwidth": 1.4,
  "class": "Iris-versicolor"
},{
  "_id": {
    "$oid": "651ae68641beb67c9e417dc8"
  },
  "sepallength": 5.6,
  "sepalwidth": 3,
  "petallength": 4.5,
  "petalwidth": 1.5,
  "class": "Iris-versicolor"
},{
  "_id": {
    "$oid": "651ae68641beb67c9e417dc9"
  },
  "sepallength": 5.8,
  "sepalwidth": 2.7,
  "petallength": 4.1,
  "petalwidth": 1,
  "class": "Iris-versicolor"
},{
  "_id": {
    "$oid": "651ae68641beb67c9e417dca"
  },
  "sepallength": 6.2,
  "sepalwidth": 2.2,
  "petallength": 4.5,
  "petalwidth": 1.5,
  "class": "Iris-versicolor"
},{
  "_id": {
    "$oid": "651ae68641beb67c9e417dcb"
  },
  "sepallength": 5.6,
  "sepalwidth": 2.5,
  "petallength": 3.9,
  "petalwidth": 1.1,
  "class": "Iris-versicolor"
},{
  "_id": {
    "$oid": "651ae68641beb67c9e417dcc"
  },
  "sepallength": 5.9,
  "sepalwidth": 3.2,
  "petallength": 4.8,
  "petalwidth": 1.8,
  "class": "Iris-versicolor"
},{
  "_id": {
    "$oid": "651ae68641beb67c9e417dcd"
  },
  "sepallength": 6.1,
  "sepalwidth": 2.8,
  "petallength": 4,
  "petalwidth": 1.3,
  "class": "Iris-versicolor"
},{
  "_id": {
    "$oid": "651ae68641beb67c9e417dce"
  },
  "sepallength": 6.3,
  "sepalwidth": 2.5,
  "petallength": 4.9,
  "petalwidth": 1.5,
  "class": "Iris-versicolor"
},{
  "_id": {
    "$oid": "651ae68641beb67c9e417dcf"
  },
  "sepallength": 6.1,
  "sepalwidth": 2.8,
  "petallength": 4.7,
  "petalwidth": 1.2,
  "class": "Iris-versicolor"
},{
  "_id": {
    "$oid": "651ae68641beb67c9e417dd0"
  },
  "sepallength": 6.4,
  "sepalwidth": 2.9,
  "petallength": 4.3,
  "petalwidth": 1.3,
  "class": "Iris-versicolor"
},{
  "_id": {
    "$oid": "651ae68641beb67c9e417dd1"
  },
  "sepallength": 6.6,
  "sepalwidth": 3,
  "petallength": 4.4,
  "petalwidth": 1.4,
  "class": "Iris-versicolor"
},{
  "_id": {
    "$oid": "651ae68641beb67c9e417dd2"
  },
  "sepallength": 6.8,
  "sepalwidth": 2.8,
  "petallength": 4.8,
  "petalwidth": 1.4,
  "class": "Iris-versicolor"
},{
  "_id": {
    "$oid": "651ae68641beb67c9e417dd3"
  },
  "sepallength": 6.7,
  "sepalwidth": 3,
  "petallength": 5,
  "petalwidth": 1.7,
  "class": "Iris-versicolor"
},{
  "_id": {
    "$oid": "651ae68641beb67c9e417dd4"
  },
  "sepallength": 6,
  "sepalwidth": 2.9,
  "petallength": 4.5,
  "petalwidth": 1.5,
  "class": "Iris-versicolor"
},{
  "_id": {
    "$oid": "651ae68641beb67c9e417dd5"
  },
  "sepallength": 5.7,
  "sepalwidth": 2.6,
  "petallength": 3.5,
  "petalwidth": 1,
  "class": "Iris-versicolor"
},{
  "_id": {
    "$oid": "651ae68641beb67c9e417dd6"
  },
  "sepallength": 5.5,
  "sepalwidth": 2.4,
  "petallength": 3.8,
  "petalwidth": 1.1,
  "class": "Iris-versicolor"
},{
  "_id": {
    "$oid": "651ae68641beb67c9e417dd7"
  },
  "sepallength": 5.5,
  "sepalwidth": 2.4,
  "petallength": 3.7,
  "petalwidth": 1,
  "class": "Iris-versicolor"
},{
  "_id": {
    "$oid": "651ae68641beb67c9e417dd8"
  },
  "sepallength": 5.8,
  "sepalwidth": 2.7,
  "petallength": 3.9,
  "petalwidth": 1.2,
  "class": "Iris-versicolor"
},{
  "_id": {
    "$oid": "651ae68641beb67c9e417dd9"
  },
  "sepallength": 6,
  "sepalwidth": 2.7,
  "petallength": 5.1,
  "petalwidth": 1.6,
  "class": "Iris-versicolor"
},{
  "_id": {
    "$oid": "651ae68641beb67c9e417dda"
  },
  "sepallength": 5.4,
  "sepalwidth": 3,
  "petallength": 4.5,
  "petalwidth": 1.5,
  "class": "Iris-versicolor"
},{
  "_id": {
    "$oid": "651ae68641beb67c9e417ddb"
  },
  "sepallength": 6,
  "sepalwidth": 3.4,
  "petallength": 4.5,
  "petalwidth": 1.6,
  "class": "Iris-versicolor"
},{
  "_id": {
    "$oid": "651ae68641beb67c9e417ddc"
  },
  "sepallength": 6.7,
  "sepalwidth": 3.1,
  "petallength": 4.7,
  "petalwidth": 1.5,
  "class": "Iris-versicolor"
},{
  "_id": {
    "$oid": "651ae68641beb67c9e417ddd"
  },
  "sepallength": 6.3,
  "sepalwidth": 2.3,
  "petallength": 4.4,
  "petalwidth": 1.3,
  "class": "Iris-versicolor"
},{
  "_id": {
    "$oid": "651ae68641beb67c9e417dde"
  },
  "sepallength": 5.6,
  "sepalwidth": 3,
  "petallength": 4.1,
  "petalwidth": 1.3,
  "class": "Iris-versicolor"
},{
  "_id": {
    "$oid": "651ae68641beb67c9e417ddf"
  },
  "sepallength": 5.5,
  "sepalwidth": 2.5,
  "petallength": 4,
  "petalwidth": 1.3,
  "class": "Iris-versicolor"
},{
  "_id": {
    "$oid": "651ae68641beb67c9e417de0"
  },
  "sepallength": 5.5,
  "sepalwidth": 2.6,
  "petallength": 4.4,
  "petalwidth": 1.2,
  "class": "Iris-versicolor"
},{
  "_id": {
    "$oid": "651ae68641beb67c9e417de1"
  },
  "sepallength": 6.1,
  "sepalwidth": 3,
  "petallength": 4.6,
  "petalwidth": 1.4,
  "class": "Iris-versicolor"
},{
  "_id": {
    "$oid": "651ae68641beb67c9e417de2"
  },
  "sepallength": 5.8,
  "sepalwidth": 2.6,
  "petallength": 4,
  "petalwidth": 1.2,
  "class": "Iris-versicolor"
},{
  "_id": {
    "$oid": "651ae68641beb67c9e417de3"
  },
  "sepallength": 5,
  "sepalwidth": 2.3,
  "petallength": 3.3,
  "petalwidth": 1,
  "class": "Iris-versicolor"
},{
  "_id": {
    "$oid": "651ae68641beb67c9e417de4"
  },
  "sepallength": 5.6,
  "sepalwidth": 2.7,
  "petallength": 4.2,
  "petalwidth": 1.3,
  "class": "Iris-versicolor"
},{
  "_id": {
    "$oid": "651ae68641beb67c9e417de5"
  },
  "sepallength": 5.7,
  "sepalwidth": 3,
  "petallength": 4.2,
  "petalwidth": 1.2,
  "class": "Iris-versicolor"
},{
  "_id": {
    "$oid": "651ae68641beb67c9e417de6"
  },
  "sepallength": 5.7,
  "sepalwidth": 2.9,
  "petallength": 4.2,
  "petalwidth": 1.3,
  "class": "Iris-versicolor"
},{
  "_id": {
    "$oid": "651ae68641beb67c9e417de7"
  },
  "sepallength": 6.2,
  "sepalwidth": 2.9,
  "petallength": 4.3,
  "petalwidth": 1.3,
  "class": "Iris-versicolor"
},{
  "_id": {
    "$oid": "651ae68641beb67c9e417de8"
  },
  "sepallength": 5.1,
  "sepalwidth": 2.5,
  "petallength": 3,
  "petalwidth": 1.1,
  "class": "Iris-versicolor"
},{
  "_id": {
    "$oid": "651ae68641beb67c9e417de9"
  },
  "sepallength": 5.7,
  "sepalwidth": 2.8,
  "petallength": 4.1,
  "petalwidth": 1.3,
  "class": "Iris-versicolor"
},{
  "_id": {
    "$oid": "651ae68641beb67c9e417dea"
  },
  "sepallength": 6.3,
  "sepalwidth": 3.3,
  "petallength": 6,
  "petalwidth": 2.5,
  "class": "Iris-virginica"
},{
  "_id": {
    "$oid": "651ae68641beb67c9e417deb"
  },
  "sepallength": 5.8,
  "sepalwidth": 2.7,
  "petallength": 5.1,
  "petalwidth": 1.9,
  "class": "Iris-virginica"
},{
  "_id": {
    "$oid": "651ae68641beb67c9e417dec"
  },
  "sepallength": 7.1,
  "sepalwidth": 3,
  "petallength": 5.9,
  "petalwidth": 2.1,
  "class": "Iris-virginica"
},{
  "_id": {
    "$oid": "651ae68641beb67c9e417ded"
  },
  "sepallength": 6.3,
  "sepalwidth": 2.9,
  "petallength": 5.6,
  "petalwidth": 1.8,
  "class": "Iris-virginica"
},{
  "_id": {
    "$oid": "651ae68641beb67c9e417dee"
  },
  "sepallength": 6.5,
  "sepalwidth": 3,
  "petallength": 5.8,
  "petalwidth": 2.2,
  "class": "Iris-virginica"
},{
  "_id": {
    "$oid": "651ae68641beb67c9e417def"
  },
  "sepallength": 7.6,
  "sepalwidth": 3,
  "petallength": 6.6,
  "petalwidth": 2.1,
  "class": "Iris-virginica"
},{
  "_id": {
    "$oid": "651ae68641beb67c9e417df0"
  },
  "sepallength": 4.9,
  "sepalwidth": 2.5,
  "petallength": 4.5,
  "petalwidth": 1.7,
  "class": "Iris-virginica"
},{
  "_id": {
    "$oid": "651ae68641beb67c9e417df1"
  },
  "sepallength": 7.3,
  "sepalwidth": 2.9,
  "petallength": 6.3,
  "petalwidth": 1.8,
  "class": "Iris-virginica"
},{
  "_id": {
    "$oid": "651ae68641beb67c9e417df2"
  },
  "sepallength": 6.7,
  "sepalwidth": 2.5,
  "petallength": 5.8,
  "petalwidth": 1.8,
  "class": "Iris-virginica"
},{
  "_id": {
    "$oid": "651ae68641beb67c9e417df3"
  },
  "sepallength": 7.2,
  "sepalwidth": 3.6,
  "petallength": 6.1,
  "petalwidth": 2.5,
  "class": "Iris-virginica"
},{
  "_id": {
    "$oid": "651ae68641beb67c9e417df4"
  },
  "sepallength": 6.5,
  "sepalwidth": 3.2,
  "petallength": 5.1,
  "petalwidth": 2,
  "class": "Iris-virginica"
},{
  "_id": {
    "$oid": "651ae68641beb67c9e417df5"
  },
  "sepallength": 6.4,
  "sepalwidth": 2.7,
  "petallength": 5.3,
  "petalwidth": 1.9,
  "class": "Iris-virginica"
},{
  "_id": {
    "$oid": "651ae68641beb67c9e417df6"
  },
  "sepallength": 6.8,
  "sepalwidth": 3,
  "petallength": 5.5,
  "petalwidth": 2.1,
  "class": "Iris-virginica"
},{
  "_id": {
    "$oid": "651ae68641beb67c9e417df7"
  },
  "sepallength": 5.7,
  "sepalwidth": 2.5,
  "petallength": 5,
  "petalwidth": 2,
  "class": "Iris-virginica"
},{
  "_id": {
    "$oid": "651ae68641beb67c9e417df8"
  },
  "sepallength": 5.8,
  "sepalwidth": 2.8,
  "petallength": 5.1,
  "petalwidth": 2.4,
  "class": "Iris-virginica"
},{
  "_id": {
    "$oid": "651ae68641beb67c9e417df9"
  },
  "sepallength": 6.4,
  "sepalwidth": 3.2,
  "petallength": 5.3,
  "petalwidth": 2.3,
  "class": "Iris-virginica"
},{
  "_id": {
    "$oid": "651ae68641beb67c9e417dfa"
  },
  "sepallength": 6.5,
  "sepalwidth": 3,
  "petallength": 5.5,
  "petalwidth": 1.8,
  "class": "Iris-virginica"
},{
  "_id": {
    "$oid": "651ae68641beb67c9e417dfb"
  },
  "sepallength": 7.7,
  "sepalwidth": 3.8,
  "petallength": 6.7,
  "petalwidth": 2.2,
  "class": "Iris-virginica"
},{
  "_id": {
    "$oid": "651ae68641beb67c9e417dfc"
  },
  "sepallength": 7.7,
  "sepalwidth": 2.6,
  "petallength": 6.9,
  "petalwidth": 2.3,
  "class": "Iris-virginica"
},{
  "_id": {
    "$oid": "651ae68641beb67c9e417dfd"
  },
  "sepallength": 6,
  "sepalwidth": 2.2,
  "petallength": 5,
  "petalwidth": 1.5,
  "class": "Iris-virginica"
},{
  "_id": {
    "$oid": "651ae68641beb67c9e417dfe"
  },
  "sepallength": 6.9,
  "sepalwidth": 3.2,
  "petallength": 5.7,
  "petalwidth": 2.3,
  "class": "Iris-virginica"
},{
  "_id": {
    "$oid": "651ae68641beb67c9e417dff"
  },
  "sepallength": 5.6,
  "sepalwidth": 2.8,
  "petallength": 4.9,
  "petalwidth": 2,
  "class": "Iris-virginica"
},{
  "_id": {
    "$oid": "651ae68641beb67c9e417e00"
  },
  "sepallength": 7.7,
  "sepalwidth": 2.8,
  "petallength": 6.7,
  "petalwidth": 2,
  "class": "Iris-virginica"
},{
  "_id": {
    "$oid": "651ae68641beb67c9e417e01"
  },
  "sepallength": 6.3,
  "sepalwidth": 2.7,
  "petallength": 4.9,
  "petalwidth": 1.8,
  "class": "Iris-virginica"
},{
  "_id": {
    "$oid": "651ae68641beb67c9e417e02"
  },
  "sepallength": 6.7,
  "sepalwidth": 3.3,
  "petallength": 5.7,
  "petalwidth": 2.1,
  "class": "Iris-virginica"
},{
  "_id": {
    "$oid": "651ae68641beb67c9e417e03"
  },
  "sepallength": 7.2,
  "sepalwidth": 3.2,
  "petallength": 6,
  "petalwidth": 1.8,
  "class": "Iris-virginica"
},{
  "_id": {
    "$oid": "651ae68641beb67c9e417e04"
  },
  "sepallength": 6.2,
  "sepalwidth": 2.8,
  "petallength": 4.8,
  "petalwidth": 1.8,
  "class": "Iris-virginica"
},{
  "_id": {
    "$oid": "651ae68641beb67c9e417e05"
  },
  "sepallength": 6.1,
  "sepalwidth": 3,
  "petallength": 4.9,
  "petalwidth": 1.8,
  "class": "Iris-virginica"
},{
  "_id": {
    "$oid": "651ae68641beb67c9e417e06"
  },
  "sepallength": 6.4,
  "sepalwidth": 2.8,
  "petallength": 5.6,
  "petalwidth": 2.1,
  "class": "Iris-virginica"
},{
  "_id": {
    "$oid": "651ae68641beb67c9e417e07"
  },
  "sepallength": 7.2,
  "sepalwidth": 3,
  "petallength": 5.8,
  "petalwidth": 1.6,
  "class": "Iris-virginica"
},{
  "_id": {
    "$oid": "651ae68641beb67c9e417e08"
  },
  "sepallength": 7.4,
  "sepalwidth": 2.8,
  "petallength": 6.1,
  "petalwidth": 1.9,
  "class": "Iris-virginica"
},{
  "_id": {
    "$oid": "651ae68641beb67c9e417e09"
  },
  "sepallength": 7.9,
  "sepalwidth": 3.8,
  "petallength": 6.4,
  "petalwidth": 2,
  "class": "Iris-virginica"
},{
  "_id": {
    "$oid": "651ae68641beb67c9e417e0a"
  },
  "sepallength": 6.4,
  "sepalwidth": 2.8,
  "petallength": 5.6,
  "petalwidth": 2.2,
  "class": "Iris-virginica"
},{
  "_id": {
    "$oid": "651ae68641beb67c9e417e0b"
  },
  "sepallength": 6.3,
  "sepalwidth": 2.8,
  "petallength": 5.1,
  "petalwidth": 1.5,
  "class": "Iris-virginica"
},{
  "_id": {
    "$oid": "651ae68641beb67c9e417e0c"
  },
  "sepallength": 6.1,
  "sepalwidth": 2.6,
  "petallength": 5.6,
  "petalwidth": 1.4,
  "class": "Iris-virginica"
},{
  "_id": {
    "$oid": "651ae68641beb67c9e417e0d"
  },
  "sepallength": 7.7,
  "sepalwidth": 3,
  "petallength": 6.1,
  "petalwidth": 2.3,
  "class": "Iris-virginica"
},{
  "_id": {
    "$oid": "651ae68641beb67c9e417e0e"
  },
  "sepallength": 6.3,
  "sepalwidth": 3.4,
  "petallength": 5.6,
  "petalwidth": 2.4,
  "class": "Iris-virginica"
},{
  "_id": {
    "$oid": "651ae68641beb67c9e417e0f"
  },
  "sepallength": 6.4,
  "sepalwidth": 3.1,
  "petallength": 5.5,
  "petalwidth": 1.8,
  "class": "Iris-virginica"
},{
  "_id": {
    "$oid": "651ae68641beb67c9e417e10"
  },
  "sepallength": 6,
  "sepalwidth": 3,
  "petallength": 4.8,
  "petalwidth": 1.8,
  "class": "Iris-virginica"
},{
  "_id": {
    "$oid": "651ae68641beb67c9e417e11"
  },
  "sepallength": 6.9,
  "sepalwidth": 3.1,
  "petallength": 5.4,
  "petalwidth": 2.1,
  "class": "Iris-virginica"
},{
  "_id": {
    "$oid": "651ae68641beb67c9e417e12"
  },
  "sepallength": 6.7,
  "sepalwidth": 3.1,
  "petallength": 5.6,
  "petalwidth": 2.4,
  "class": "Iris-virginica"
},{
  "_id": {
    "$oid": "651ae68641beb67c9e417e13"
  },
  "sepallength": 6.9,
  "sepalwidth": 3.1,
  "petallength": 5.1,
  "petalwidth": 2.3,
  "class": "Iris-virginica"
},{
  "_id": {
    "$oid": "651ae68641beb67c9e417e14"
  },
  "sepallength": 5.8,
  "sepalwidth": 2.7,
  "petallength": 5.1,
  "petalwidth": 1.9,
  "class": "Iris-virginica"
},{
  "_id": {
    "$oid": "651ae68641beb67c9e417e15"
  },
  "sepallength": 6.8,
  "sepalwidth": 3.2,
  "petallength": 5.9,
  "petalwidth": 2.3,
  "class": "Iris-virginica"
},{
  "_id": {
    "$oid": "651ae68641beb67c9e417e16"
  },
  "sepallength": 6.7,
  "sepalwidth": 3.3,
  "petallength": 5.7,
  "petalwidth": 2.5,
  "class": "Iris-virginica"
},{
  "_id": {
    "$oid": "651ae68641beb67c9e417e17"
  },
  "sepallength": 6.7,
  "sepalwidth": 3,
  "petallength": 5.2,
  "petalwidth": 2.3,
  "class": "Iris-virginica"
},{
  "_id": {
    "$oid": "651ae68641beb67c9e417e18"
  },
  "sepallength": 6.3,
  "sepalwidth": 2.5,
  "petallength": 5,
  "petalwidth": 1.9,
  "class": "Iris-virginica"
},{
  "_id": {
    "$oid": "651ae68641beb67c9e417e19"
  },
  "sepallength": 6.5,
  "sepalwidth": 3,
  "petallength": 5.2,
  "petalwidth": 2,
  "class": "Iris-virginica"
},{
  "_id": {
    "$oid": "651ae68641beb67c9e417e1a"
  },
  "sepallength": 6.2,
  "sepalwidth": 3.4,
  "petallength": 5.4,
  "petalwidth": 2.3,
  "class": "Iris-virginica"
},{
  "_id": {
    "$oid": "651ae68641beb67c9e417e1b"
  },
  "sepallength": 5.9,
  "sepalwidth": 3,
  "petallength": 5.1,
  "petalwidth": 1.8,
  "class": "Iris-virginica"
}]